Job Title,Company,Location,Job Type,Posted Date
N/A,N/A,Unknown,N/A,N/A
Node Developer,"Apple Inc., Karachi, Pakistan",Unknown,N/A,N/A
Call Center Representative,"DP Marketing, Lahore, Pakistan",Unknown,N/A,N/A
Website Developer,"Fineline Consultancy, Lahore, Pakistan",Unknown,N/A,N/A
Nutritionist,"Day to Day Healthcare, Lahore, Pakistan",Unknown,N/A,N/A
Full Stack Developer,"Synergy Coders, Lahore, Pakistan",Unknown,N/A,N/A
Part-Time Content Writer & Admin Support | Remote,"Lost Circle, Karachi, Pakistan",Unknown,N/A,N/A
IT Support Technician,"Computer Vision (Quickfuel), Lahore, Pakistan",Unknown,N/A,N/A
Sales Representative,"Day to Day Healthcare, Lahore, Pakistan",Unknown,N/A,N/A
Senior Accountant eCommerce & International Client,"Agay Barho, , Pakistan",Unknown,N/A,N/A
BMS Technician,"Mohatta Engineering, Islamabad, Pakistan",Unknown,N/A,N/A
Senior Full-Stack Engineer,"Hudson Fleiss Media, Lahore, Pakistan",Unknown,N/A,N/A
Executive Assistant,"Innovairrs Power, Lahore, Pakistan",Unknown,N/A,N/A
HVAC Technician,"Mohatta Engineering, Islamabad, Pakistan",Unknown,N/A,N/A
eBay Expert,"IK Solution, Rawalpindi, Pakistan",Unknown,N/A,N/A
Accounts Assistant,"RAK Services, Rawalpindi, Pakistan",Unknown,N/A,N/A
Accountant,"Ahsan & Brothers, Lahore, Pakistan",Unknown,N/A,N/A
Electronic Technician,"Mohatta Engineering, Islamabad, Pakistan",Unknown,N/A,N/A
Accounts Executive,"Royal International, Islamabad, Pakistan",Unknown,N/A,N/A
Funds Manager,"Palmpay Pvt Ltd, Lahore, Pakistan",Unknown,N/A,N/A
Senior Manager Corporate Finance / Investment Management,"Agay Barho, Karachi, Pakistan",Unknown,N/A,N/A
